iter	MultiClass
0	0.7379984615
1	0.5880366623
2	0.4950489654
3	0.4363443354
4	0.3928836025
5	0.3648106401
6	0.3423526444
7	0.321008232
8	0.2919308149
9	0.2798302976
